,author
0,이동건
1,곽백수
2,웹툰작가
3,무한도전&웹툰작가
4,워니/심윤수
5,지강민
6,정다정
7,자까
8,한동우/이도희
9,우주인
10,랑또
11,릴레이연재
12,마일로
13,심윤수
14,박동선
15,무적핑크
16,김진
17,조석
18,"조석,워니"
19,신의철
20,서패스/김진석
21,오묘
22,나유진
23,컷부
24,네이버웹툰작가
25,와라패밀리
26,이연
27,이온
28,초
29,장희/주호민
30,신태훈/나승훈
31,윤정민
32,유승연
33,와루
34,배철완
35,무적핑크/이리
36,맛스타
37,X-TEAM
38,홍끼
39,정현주
40,마인드C
41,정뱅
42,쿠당탕
43,WONDER
44,GIMS
45,서나래
46,엘렌심
47,기맹기
48,아만(阿慢)
49,모나
50,옛사람
51,폭주필/폭주작
52,이동욱
53,솔뱅이
54,윤준식/박하연
55,가스파드
56,유영욱
57,완자
58,강하다/웃는해
59,츄카피
60,Song
61,호연
62,꼬마비/애마비
63,필냉이
64,임총
65,폭타
66,샤니
67,갸오오
68,고리타
69,꼬모소이
70,그림왕양치기
71,라일라
72,김용진
73,김규삼
74,박웅
75,로보타/김가륜
76,Dylan/DanBra...
77,해마/연제원
78,외눈박이/시현
79,김양수
80,실버벨
81,남지은/김인호
82,서랍천사
83,써니사이드업
84,윤파랑
85,권혁주
86,켄타
87,최훈
88,김이랑
89,쥬니
90,펭귄
91,판다독
92,김8
93,소영
94,한국만화가협회
95,임인스
96,오성대
97,미티
98,이말년
99,시니/혀노
100,김진태
101,황준호
102,"연우,서나"
103,요한/김혜진
104,구아바
105,"김진,서나래,필냉이"
106,양영순
107,노란구미
108,김선권
109,이종범
110,호우
111,호랑
112,주동근
113,김명현
114,박성용
115,배진수
116,전세훈
117,김풍
118,QTT
119,꼬마비/앙마비
120,노지현
121,메가쇼킹
122,꼬마비/재수
123,메가쑈킹
124,박성우
125,강호진
126,빤쓰
127,윤인완/김선희
128,라마
129,오민혁
130,문택수
131,김예린/장유라
132,한경찰
133,단테/김홍선
134,DEY
135,요엔
136,한나
137,손태규
138,잇선
139,김레옹
140,박태준
141,기안84
142,232
143,강냉이
144,주호민
145,SIU
146,박용제
147,야옹이
148,설이/윤성원
149,귀귀
150,전선욱
151,류기운/문정후
152,하일권
153,조용석
154,이상규
155,김칸비/황영찬
156,모랑지
157,손제호/이광수
158,김용키
159,상하
160,채용택/김재한
161,유리아
162,정필원
163,단우
164,영파카
165,아현
166,김세훈
167,석우
168,환쟁이
169,cid혁군
170,팀겟네임
171,이현민
172,CRG/김규삼
173,삭
174,박은혁
175,한(恨)
176,허일
177,정재한/임진국
178,리나/새달
179,이유정
180,"선정,지숙"
181,태발
182,김계란
183,와난
184,정마루
185,후렛샤/임진국
186,김풍/심윤수
187,정종택
188,한동우/고진호
189,조양
190,성상영/상아
191,럭스
192,브림스
193,이익수
194,민송아
195,최병열
196,청안랑/김인호
197,원주민
198,윤현석
199,하가
200,POGO
201,이윤창
202,김호드
203,윤인완/양경일
204,HUN/제나
205,정재한/황영찬
206,오세형
207,김기정/윤종문
208,신영우
209,이상신/국중록
210,이혜
211,강지영/현예지
212,박현수
213,도국
214,"김정기,박성진/박성진"
215,정재한/이나루
216,재아/한가람
217,카레곰
218,타리
219,돌연변이
220,순끼
221,동비
222,나락/바밤
223,혜진양
224,김태경
225,나
226,임달영/이수현
227,손하기
228,오창호
229,김재한
230,이승찬
231,둠스
232,꼬마비/노마비
233,안성호
234,양혜석/타파리
235,장래혁
236,엄재경/호패
237,광진/두엽
238,후렛샤/김홍태
239,허니비
240,윤현석/연우
241,혜니
242,신지상/오은지
243,이선
244,황미나
245,박지은
246,전광철
247,현용민
248,ELDO/엽
249,김은효/김영지
250,허5파6
251,미티/구구
252,현욱
253,"박미숙/강은영,박미숙"
254,윤준식/송지형
255,엄재경/최경아
256,미애
257,이학
258,정하
259,황준호/수연
260,이수정
261,김우준
262,아지
263,조원행
264,류채린
265,이온도
266,김작가/유성연
267,억수씨
268,이문희
269,최규석
270,seri
271,송가/은소
272,유성연
273,석재윤
274,홍가
275,혀노
276,라디야
277,서재일
278,김정현
279,정성완
280,정민용
281,연제원
282,배드이리
283,"아키,심윤수/심윤수"
284,38
285,마사토끼/joana
286,제야
287,HD3
288,남수
289,박수봉
290,조현아
291,산삼
292,즐바센
293,유느지/해진
294,유비
295,샐비
296,정혜영
297,신형욱/양경일
298,이강
299,백희정
300,LELE/별솔
301,노혜정/풍경
302,단우/백희정
303,구동인
304,삼촌
305,209
306,윤종문
307,손규호
308,올소
309,병장
310,헤윰
311,한송이
312,이수민
313,하람/김영지
314,장진/움비
315,고민정
316,시우
317,박민경
318,박성진/임성훈
319,최남새
320,황조윤/윤군
321,정은경/하일권
322,김정기/박성진
323,정기림/편현아
324,신의철/손두락
325,후은
326,세정
327,YOON/JINU
328,문지현
329,성은
330,모코넛
331,손영완
332,자유
333,정서
334,김뎐
335,김윤주
336,이난
337,김성민
338,신진우/박수영
339,99C/백도
340,김상욱
341,이뫄
342,팬마
343,기량
344,수오수/홍끼
345,누비
346,정병식
347,두부
348,토우/김태헌
349,최삡뺩
350,이윤희
351,아루아니_팀겟네임
352,cosmos/반지
353,오지혜
354,문나영
355,박소
356,김성모
357,서승준/손창균
358,김달님
359,HO9
360,진선규
361,고태호
362,하일권X네이버웹툰
363,양세준
364,장태산
365,최훈/청설모
366,늑대삼
367,화류동풍/옛사람
368,아루아니/레임
369,최윤진
370,선정성
371,엄재경/천범식
372,루시드
373,늉비
374,김경호
375,김세래
376,박찬호/차용운
377,Croissant
378,촌장
379,천정학
380,이채은
381,김칸비_팀겟네임
382,박장고/김래하
383,재아/SE
384,츄플엣지
385,박능출/박준규
386,"김태형,백재환"
387,최윤열
388,네스티캣
389,judys/Renton
390,박윤영
391,김상민
392,TGM/린다
393,마로
394,재아/임광묵
395,하비영
396,십박
397,히가시무라아키코
398,다니
399,김정휘
400,송래현
401,강기언
402,최경아
403,유승진
404,기라3
405,마인드C/김명현
406,뚱땡이냐옹이
407,묘니
408,권정희/박병규
409,피터-Pen
410,강임
411,상수
412,김병수/김정수
413,곤마
414,시니/수훈
415,손경석
416,"이하림,김병관/김병관,..."
417,임진국
418,카인/12B
419,이아
420,최봉수/원현재
421,조니조/서사야
422,플레이리스트
423,사다함
424,김민정
425,밀치/얌치
426,허니맨/손팡
427,돌배
428,두루
429,김신비/정은
430,김이연
431,모래인간
432,박카린
433,이채영
434,고병준/제뉴
435,나윤희
436,정은경/여원
437,매미/희세
438,양혜석/이현지
439,쇼쇼
440,김인태
441,감대
442,신월
443,꼬마비
444,해미
445,김혜원
446,범우
447,최홍준
448,케이사르
449,9P
450,이힝
451,seri/비완
452,공현곤
453,박세준/차용운
454,청보리
455,구들
456,해츨링
457,엄재경/Ze-yAv
458,한혜연
459,까마중
460,한승원
461,맹물
462,소이
463,모래인간/티오비
464,김양수/도가도
465,달꽃
466,손하은
467,기린
468,이현세
469,바른꽃
470,올댓스토리/이현세
471,유령
472,고일권
473,슈안
474,장현필/탁영호
475,박설화
476,쥬드프라이데이
